Comparison_Dimension,Generative_AI,Traditional_AI_ML,Research_Evidence
Adoption Speed,Faster initial adoption due to user-friendly interfaces,Slower adoption but more predictable implementation,Multiple survey reports
Implementation Complexity,Higher complexity due to probabilistic outputs,Lower complexity with established patterns,MIT/Forrester studies
Success Rate,"Mixed - high pilot success, lower production scaling",Higher production success rate in structured use cases,S&P Global data
Cost Structure,"Higher upfront costs, variable operational costs",More predictable cost structure,TCO analysis reports
ROI Timeline,Longer ROI timeline due to scaling challenges,Faster ROI in well-defined applications,ROI measurement studies
Skills Requirements,Requires new skills in prompt engineering and AI ethics,Leverages existing data science and engineering skills,Skills gap analysis
Risk Profile,Higher risk due to hallucinations and bias,Lower risk with more predictable outputs,Risk assessment reports
Scalability,Moderate - challenges with deterministic integration,High scalability in defined domains,Implementation studies
Business Value Creation,High potential but requires workflow redesign,Proven value in automation and optimization,Business value research
,,,